{"cameraMode":{"drawMode":0,"name":"Shaded","section":"Shading Mode"},"sceneLighting":false,"audioPlay":false,"sceneViewState":{"showFog":false,"showMaterialUpdate":false,"showSkybox":false,"showFlares":false,"showImageEffects":false,"showParticleSystems":false},"in2DMode":false,"pivot":{"x":-0.1502079963684082,"y":0.33064723014831545,"z":138.78973388671876},"rotation":{"x":0.21192269027233125,"y":0.4294637441635132,"z":-0.10441868007183075,"w":0.8716615438461304},"size":5.04410457611084,"orthographic":false}