{"cameraMode":{"drawMode":0,"name":"Shaded","section":"Shading Mode"},"sceneLighting":false,"audioPlay":false,"sceneViewState":{"showFog":true,"showMaterialUpdate":false,"showSkybox":false,"showFlares":true,"showImageEffects":true,"showParticleSystems":true},"in2DMode":false,"pivot":{"x":-2.105362892150879,"y":1.5310906171798707,"z":6.836269378662109},"rotation":{"x":0.016130473464727403,"y":0.08598073571920395,"z":0.0013839765451848508,"w":-0.9961752891540527},"size":2.071352243423462,"orthographic":false}