{"cameraMode":{"drawMode":0,"name":"Shaded","section":"Shading Mode"},"sceneLighting":false,"audioPlay":false,"sceneViewState":{"showFog":false,"showMaterialUpdate":false,"showSkybox":false,"showFlares":false,"showImageEffects":false,"showParticleSystems":false},"in2DMode":false,"pivot":{"x":-0.03689999878406525,"y":0.0,"z":0.13684998452663423},"rotation":{"x":0.2302551567554474,"y":0.29948973655700686,"z":-0.07472487539052963,"w":0.9229039549827576},"size":2.557285785675049,"orthographic":false}