{"cameraMode":{"drawMode":0,"name":"Shaded","section":"Shading Mode"},"sceneLighting":false,"audioPlay":false,"sceneViewState":{"showFog":false,"showMaterialUpdate":false,"showSkybox":false,"showFlares":false,"showImageEffects":false,"showParticleSystems":false},"in2DMode":false,"pivot":{"x":457.0466613769531,"y":183.9075927734375,"z":-117.220458984375},"rotation":{"x":0.2123938798904419,"y":-0.48319166898727419,"z":0.12210065126419068,"w":0.8405763506889343},"size":1.4369208812713624,"orthographic":false}