{"cameraMode":{"drawMode":0,"name":"Shaded","section":"Shading Mode"},"sceneLighting":true,"audioPlay":false,"sceneViewState":{"showFog":false,"showMaterialUpdate":false,"showSkybox":false,"showFlares":false,"showImageEffects":false,"showParticleSystems":false},"in2DMode":false,"pivot":{"x":24.29334259033203,"y":-34.998512268066409,"z":42.751434326171878},"rotation":{"x":0.2863728106021881,"y":-0.5600583553314209,"z":0.21466200053691865,"w":0.7472015619277954},"size":169.4990234375,"orthographic":false}