{"cameraMode":{"drawMode":0,"name":"Shaded","section":"Shading Mode"},"sceneLighting":false,"audioPlay":false,"sceneViewState":{"showFog":true,"showMaterialUpdate":false,"showSkybox":false,"showFlares":true,"showImageEffects":true,"showParticleSystems":true},"in2DMode":false,"pivot":{"x":-1.0777990818023682,"y":1.2579784393310547,"z":15.742932319641114},"rotation":{"x":-0.2103419452905655,"y":0.6590266227722168,"z":-0.19976013898849488,"w":-0.6939430236816406},"size":24.182039260864259,"orthographic":false}