{"cameraMode":{"drawMode":0,"name":"Shaded","section":"Shading Mode"},"sceneLighting":false,"audioPlay":false,"sceneViewState":{"showFog":false,"showMaterialUpdate":false,"showSkybox":false,"showFlares":false,"showImageEffects":false,"showParticleSystems":false},"in2DMode":false,"pivot":{"x":439.5919494628906,"y":188.45709228515626,"z":-144.851318359375},"rotation":{"x":-0.261690616607666,"y":0.12294390052556992,"z":-0.03362581133842468,"w":-0.9567117094993591},"size":239.82046508789063,"orthographic":false}