{"cameraMode":{"drawMode":0,"name":"Shaded","section":"Shading Mode"},"sceneLighting":false,"audioPlay":false,"sceneViewState":{"showFog":false,"showMaterialUpdate":false,"showSkybox":false,"showFlares":false,"showImageEffects":false,"showParticleSystems":false},"in2DMode":false,"pivot":{"x":442.4363708496094,"y":190.56195068359376,"z":-142.82080078125},"rotation":{"x":-0.261690616607666,"y":0.12294390052556992,"z":-0.03362581133842468,"w":-0.9567117094993591},"size":117.8994140625,"orthographic":false}