{"cameraMode":{"drawMode":0,"name":"Shaded","section":"Shading Mode"},"sceneLighting":false,"audioPlay":false,"sceneViewState":{"showFog":false,"showMaterialUpdate":false,"showSkybox":false,"showFlares":false,"showImageEffects":false,"showParticleSystems":false},"in2DMode":false,"pivot":{"x":51.89038848876953,"y":6.924709320068359,"z":172.83570861816407},"rotation":{"x":-0.15413883328437806,"y":0.6530217528343201,"z":-0.13815967738628388,"w":-0.7285177707672119},"size":103.41983032226563,"orthographic":false}